Source,Like,Author,Description,User_id,Text,Type,Source_link,Date,Mention,Nbr_mentions,Nbr_hashtags,Mentions_texts,Hashtags_texts
reddit,1.0,I_Feel_It_Too,removed,12345,"> (which hasn't been 16 since, I'm not sure)

I forgot to respond to this one. Holy shit, you're right! If you ever find out exactly when they switched from 16 bits to... looks like 64 bits, I'd love to know. It must have been REALLY RECENTLY, though, because *[their documentation still says explicitly that Matlab uses 16 bit arithmetic by default](https://www.mathworks.com/help/symbolic/digits.html#bt8wnpt-4).* It must have been in the last six years or so at the latest. Which means that this superior *numerical* CAS of yours stayed on 16 bit arithmetic, with an allegedly ""intuitive"" suite of **16 bit numerical toolboxes (?!?!)**, for literally decades after the entire world had moved to at least 32 bits. Seriously, can you name even a single piece of actively developed mathematical software that was still 16 bit by default in 2010? I for one cannot.

I'm really sorry, I know you've stopped reading by now, but I can't resist getting another shot in here:

> What makes Matlab domain-intuitive isn't ...the actual programming language...

Great! Can we finally just agree that Matlab is a shit programming langauge, then? The rest is just haggling over the details.",text,https://www.reddit.com/r/Python/comments/cmdbuf/-/ew668dc,2019-08-07T05:24,nike,0,1,[],['#bt8wnpt']
reddit,1.0,I_Feel_It_Too,Ihaveamultipersonteamworkingonaprojectwith25millionrowsofdataTheprojecthasbeenprototypedbynonprogrammerscientistsforsometimeNowwearedoingalotofcleanupnormalizationandothermeaningfulrestructuringWhataresomeresourcesforlearningaboutversioningadatabaseschemaandthedatasetsthemselvesRightnowthereisalotofrapidprototypingandwearerunningintoheadacheskeepinginsyncandmaintainingintegrity,12345,"> (which hasn't been 16 since, I'm not sure)

I forgot to respond to this one. Holy shit, you're right! If you ever find out exactly when they switched from 16 bits to... looks like 64 bits, I'd love to know. It must have been REALLY RECENTLY, though, because *[their documentation still says explicitly that Matlab uses 16 bit arithmetic by default](https://www.mathworks.com/help/symbolic/digits.html#bt8wnpt-4).* It must have been in the last six years or so at the latest. Which means that this superior *numerical* CAS of yours stayed on 16 bit arithmetic, with an allegedly ""intuitive"" suite of **16 bit numerical toolboxes (?!?!)**, for literally decades after the entire world had moved to at least 32 bits. Seriously, can you name even a single piece of actively developed mathematical software that was still 16 bit by default in 2010? I for one cannot.

I'm really sorry, I know you've stopped reading by now, but I can't resist getting another shot in here:

> What makes Matlab domain-intuitive isn't ...the actual programming language...

Great! Can we finally just agree that Matlab is a shit programming langauge, then? The rest is just haggling over the details.",text,https://www.reddit.com/r/Python/comments/cmdbuf/-/ew668dc,2019-08-07T05:24,nike,0,1,[],['#bt8wnpt']
twitter,3530,whitney medworth,INDIANAKIDSgtgtgtgt,12345,Nikeâ€™s womenâ€™s basketball marketing ğŸ‘ https://t.co/yCZ83iA12u,video,https://twitter.com/user/status/1765732467619590405,2024-03-07T13:33,nike,0,0,[],[]
twitter,3530,whitney medworth,hello2002uconnwbbvintagejersey,12345,Nikeâ€™s womenâ€™s basketball marketing ğŸ‘ https://t.co/yCZ83iA12u,video,https://twitter.com/user/status/1765732467619590405,2024-03-07T13:33,nike,0,0,[],[]
twitter,2747,OPSWAT,PopularcybersecuritytoolsareinsufficienttostopfileuploadattacksOPSWATCEObennyczarnyshareswhyhttpstcoaDpPHOxKLKhttpstcotBd1o17mLl,12345,"You are more than your sport. Youâ€™re a leader. A guide. A mentor. No matter what you coach or the athletes you lead, we want to help you experience wholeness through Jesus so you can reflect Him to your athletes. This is being a 360 Coach.",video,https://twitter.com/user/status/1675006316924874752,2023-07-01T05:00,nike,0,0,[],[]
twitter,1647,FCA,IhavetreasuredyourwordinmyheartsothatImaynotsinagainstyouPsalm11911WeneedtobuildupourspiritualmusclememorysothatwhentemptingsituationscomeordifficultchoicesaremadeweimmediatelydowhatGodwantsustodowithoutsecondguessinghttpstco97aa7jThdO,12345,"You are more than your sport. Youâ€™re a leader. A guide. A mentor. No matter what you coach or the athletes you lead, we want to help you experience wholeness through Jesus so you can reflect Him to your athletes. This is being a 360 Coach.",video,https://twitter.com/user/status/1675006316924874752,2023-07-01T05:00,nike,0,0,[],[]
youtube,935695708,Blind Surfer Pete Gustin,PeteGustinistheBlindSurferandasoneofthemostrecognizablevoiceactorsinAmericayouvedefinitelyheardhimsomewhereNowseethestorybehindthemanwhohasrefusedtoletblindnessslowhimdownevenalittlebitFromcatchingwavesandridingskateboardstothrowingaxesandridingbikeswatchPeteFindAWaytoovercomeeverychallengetolivealifewithoutboundariesForbusinessinquiriescontactpatrickstemmediagroupcomMerchcomingsoon,123456,"I donâ€™t think I can properly convey the complete and total amount of fear that tries to overtake me every time I start to paddle out into a rough sea.  Without sight, itâ€™s just a complete and total overtaking all of my senses and all I can rely on is my own body and mind to pull me through the terror so that I can come out on the other side and start enjoying the sport of surfing.  why do I do it if itâ€™s so dam n scary?  I do it because I absolutely LOVE the surfing part of surfing and Iâ€™m not going to let the petrifying part of getting out there blind prevent me from experiencing that joy.

#shorts #blind #surfing #overcome",video,https://www.youtube.com/watch?v=-U6CM8IYaNc,2024-02-24T18:00,surfing,0,4,[],"['#shorts', '#blind', '#surfing', '#overcome']"
youtube,184973656,Nathan Florence,WelcometothechannelmyfriendsmynameisNathanFlorenceProfessionalSurferKnifeThrowingExtraordinaireCatLoverfromNorthShoreofOahuenjoythevideos,123456,"YOUTUBE VIDS CONTINUE WEEKLY AS ALWAYS MY FRIENDS
PLEASE SUBSCRIBE to help SUPPORT the channel!! Legends!  

FOLLOW ON INSTAGRAM
@nathan_florence
https://www.instagram.com/nathan_florence/?hl=en

My signature fcs big wave and step up fins
https://www.surffcs.com/products/fcs-ii-nathan-florence-big-wave-tri-fins?_pos=2&_sid=295acef10&_ss=r

Signature Collection with Vans!
https://www.vans.com/en-us/search/product?q=nathan%20florence%20collection

SPONSORS
 @Vans  https://www.vans.com/
BETONLINE https://www.betonline.ag/
@ProtektProducts DISCOUNT CODE: FLORENCE
https://protektproducts.com/
https://www.blenderseyewear.com/
https://www.gomacro.com/
https://www.surffcs.com/
@GoPro  https://gopro.com/
https://www.juneshine.com/
https://www.honolulugmc.com/",video,https://www.youtube.com/watch?v=IMv7X1muLAw,2024-02-26T21:37,surfing,4,0,"['@nathan_florence', '@Vans', '@ProtektProducts', '@GoPro']",[]
youtube,101001157,Decoy Voice,Whatstrendingquickandtothepoint,123456,"Get 20% off + free shipping @manscaped with code DECOY at http://manscaped.com/decoy #manscapedpartner

A surfer recording in San Diego, CA randomly saw a boat landing on the beach, but 8 people randomly ran off into the distance, ditching their boat behind. This is becoming a re-occurring situation in La Jolla, but why? 

Check out the limited time merch at my store! 
https://decoyvoice.com/shop/

#decoyvoice

Background Music by 
Kevin MacLeod | incompetech.com
Yung Logos | YouTube Audio Library
Aaron Kenny | YouTube Audio Library

If you're reading this please throw a Decoy ğŸ¦† in the comments section! Thank you!",video,https://www.youtube.com/watch?v=JSyshCbSbeE,2024-02-04T17:59,surfing,1,2,['@manscaped'],"['#manscapedpartner', '#decoyvoice']"
youtube,10229612,Surfing With Noz,EverythingSurfingPOVVlogsTutorialsMoreImNoahSurfCoachContentCreatorfromSydneyAustraliaSubscribeforweeklycontent,123456,"I surfed the GLASSIEST waves in Australia! Two sessions of pure GLASS ğŸ’

TIMESTAMPS
00:00 Intro
00:19 Glassiest Surf #1 
02:10 Glassiest Surf #2
05:52 Outro

BOARD & FINS ğŸ”½  
Board â€“ Clear Surfboards, C2: 5'8 x 18 3/8 x 2 3/8 (25.33L)
Fins â€“ FCS II Al Merrick (Medium)

SOCIALS ğŸ”½  Find me @surfingwithnoz
Instagram: http://bit.ly/3vTGHOq
TikTok: http://bit.ly/3GTeaPh
Business Enquiries: surfingwithnoz@gmail.com

For Online Surf Coaching, my Newsletter & more â€“ visit here: www.bio.site/surfingwithnoz 

PROMO CODES â¬‡ï¸
SurfPaints | Use code NOZ25 for 25% off: https://www.surfpaints.com.au/
Online Surf Coaching | Use code NOZ20 for 20% off: https://www.surfingwithnoz.com/

Want the best GoPro settings & accessories that I use for POV surfing? Watch this: http://bit.ly/3XhHELV

Shot with the GoPro Hero 10 Black in 4K 60FPS Superview 
Edited with FCPX

Thanks so much for watching | Uploads EVERY week ğŸ™ŒğŸ½
 
ğŸ¶ Music from Video
Music track: Daily by Aylex
Source: https://freetouse.com/music
Royalty-Free Music for Videos (Safe)

Song: Vaxenn - Lightness
Music provided by Vlog No Copyright Music.
Video Link: https://bit.ly/49niYsr

SUBSCRIBE IF YOU MADE IT DOWN HERE â¤ï¸
â•”â•â•¦â•—â•”â•¦â•—â•”â•â•¦â•â•¦â•¦â•¦â•¦â•—â•”â•â•—
â•‘â•šâ•£â•‘â•‘â•‘â•šâ•£â•šâ•£â•”â•£â•”â•£â•‘â•šâ•£â•â•£ 
â• â•—â•‘â•šâ•â•‘â•‘â• â•—â•‘â•šâ•£â•‘â•‘â•‘â•‘â•‘â•â•£
â•šâ•â•©â•â•â•©â•â•©â•â•©â•â•©â•â•šâ•©â•â•©â•â•",video,https://www.youtube.com/watch?v=eeVOQSav0Ts,2024-02-27T07:10,surfing,2,2,"['@surfingwithnoz', '@gmail']","['#1', '#2']"
reddit,1.0,I_Feel_It_Too,removed,12345,"> (which hasn't been 16 since, I'm not sure)

I forgot to respond to this one. Holy shit, you're right! If you ever find out exactly when they switched from 16 bits to... looks like 64 bits, I'd love to know. It must have been REALLY RECENTLY, though, because *[their documentation still says explicitly that Matlab uses 16 bit arithmetic by default](https://www.mathworks.com/help/symbolic/digits.html#bt8wnpt-4).* It must have been in the last six years or so at the latest. Which means that this superior *numerical* CAS of yours stayed on 16 bit arithmetic, with an allegedly ""intuitive"" suite of **16 bit numerical toolboxes (?!?!)**, for literally decades after the entire world had moved to at least 32 bits. Seriously, can you name even a single piece of actively developed mathematical software that was still 16 bit by default in 2010? I for one cannot.

I'm really sorry, I know you've stopped reading by now, but I can't resist getting another shot in here:

> What makes Matlab domain-intuitive isn't ...the actual programming language...

Great! Can we finally just agree that Matlab is a shit programming langauge, then? The rest is just haggling over the details.",text,https://www.reddit.com/r/Python/comments/cmdbuf/-/ew668dc,2019-08-07T05:24,nike,0,1,[],['#bt8wnpt']
reddit,1.0,I_Feel_It_Too,Ihaveamultipersonteamworkingonaprojectwith25millionrowsofdataTheprojecthasbeenprototypedbynonprogrammerscientistsforsometimeNowwearedoingalotofcleanupnormalizationandothermeaningfulrestructuringWhataresomeresourcesforlearningaboutversioningadatabaseschemaandthedatasetsthemselvesRightnowthereisalotofrapidprototypingandwearerunningintoheadacheskeepinginsyncandmaintainingintegrity,12345,"> (which hasn't been 16 since, I'm not sure)

I forgot to respond to this one. Holy shit, you're right! If you ever find out exactly when they switched from 16 bits to... looks like 64 bits, I'd love to know. It must have been REALLY RECENTLY, though, because *[their documentation still says explicitly that Matlab uses 16 bit arithmetic by default](https://www.mathworks.com/help/symbolic/digits.html#bt8wnpt-4).* It must have been in the last six years or so at the latest. Which means that this superior *numerical* CAS of yours stayed on 16 bit arithmetic, with an allegedly ""intuitive"" suite of **16 bit numerical toolboxes (?!?!)**, for literally decades after the entire world had moved to at least 32 bits. Seriously, can you name even a single piece of actively developed mathematical software that was still 16 bit by default in 2010? I for one cannot.

I'm really sorry, I know you've stopped reading by now, but I can't resist getting another shot in here:

> What makes Matlab domain-intuitive isn't ...the actual programming language...

Great! Can we finally just agree that Matlab is a shit programming langauge, then? The rest is just haggling over the details.",text,https://www.reddit.com/r/Python/comments/cmdbuf/-/ew668dc,2019-08-07T05:24,nike,0,1,[],['#bt8wnpt']
twitter,3530,whitney medworth,INDIANAKIDSgtgtgtgt,12345,Nikeâ€™s womenâ€™s basketball marketing ğŸ‘ https://t.co/yCZ83iA12u,video,https://twitter.com/user/status/1765732467619590405,2024-03-07T13:33,nike,0,0,[],[]
twitter,3530,whitney medworth,hello2002uconnwbbvintagejersey,12345,Nikeâ€™s womenâ€™s basketball marketing ğŸ‘ https://t.co/yCZ83iA12u,video,https://twitter.com/user/status/1765732467619590405,2024-03-07T13:33,nike,0,0,[],[]
twitter,2747,OPSWAT,PopularcybersecuritytoolsareinsufficienttostopfileuploadattacksOPSWATCEObennyczarnyshareswhyhttpstcoaDpPHOxKLKhttpstcotBd1o17mLl,12345,"You are more than your sport. Youâ€™re a leader. A guide. A mentor. No matter what you coach or the athletes you lead, we want to help you experience wholeness through Jesus so you can reflect Him to your athletes. This is being a 360 Coach.",video,https://twitter.com/user/status/1675006316924874752,2023-07-01T05:00,nike,0,0,[],[]
twitter,1647,FCA,IhavetreasuredyourwordinmyheartsothatImaynotsinagainstyouPsalm11911WeneedtobuildupourspiritualmusclememorysothatwhentemptingsituationscomeordifficultchoicesaremadeweimmediatelydowhatGodwantsustodowithoutsecondguessinghttpstco97aa7jThdO,12345,"You are more than your sport. Youâ€™re a leader. A guide. A mentor. No matter what you coach or the athletes you lead, we want to help you experience wholeness through Jesus so you can reflect Him to your athletes. This is being a 360 Coach.",video,https://twitter.com/user/status/1675006316924874752,2023-07-01T05:00,nike,0,0,[],[]
youtube,935695708,Blind Surfer Pete Gustin,PeteGustinistheBlindSurferandasoneofthemostrecognizablevoiceactorsinAmericayouvedefinitelyheardhimsomewhereNowseethestorybehindthemanwhohasrefusedtoletblindnessslowhimdownevenalittlebitFromcatchingwavesandridingskateboardstothrowingaxesandridingbikeswatchPeteFindAWaytoovercomeeverychallengetolivealifewithoutboundariesForbusinessinquiriescontactpatrickstemmediagroupcomMerchcomingsoon,123456,"I donâ€™t think I can properly convey the complete and total amount of fear that tries to overtake me every time I start to paddle out into a rough sea.  Without sight, itâ€™s just a complete and total overtaking all of my senses and all I can rely on is my own body and mind to pull me through the terror so that I can come out on the other side and start enjoying the sport of surfing.  why do I do it if itâ€™s so dam n scary?  I do it because I absolutely LOVE the surfing part of surfing and Iâ€™m not going to let the petrifying part of getting out there blind prevent me from experiencing that joy.

#shorts #blind #surfing #overcome",video,https://www.youtube.com/watch?v=-U6CM8IYaNc,2024-02-24T18:00,surfing,0,4,[],"['#shorts', '#blind', '#surfing', '#overcome']"
youtube,184973656,Nathan Florence,WelcometothechannelmyfriendsmynameisNathanFlorenceProfessionalSurferKnifeThrowingExtraordinaireCatLoverfromNorthShoreofOahuenjoythevideos,123456,"YOUTUBE VIDS CONTINUE WEEKLY AS ALWAYS MY FRIENDS
PLEASE SUBSCRIBE to help SUPPORT the channel!! Legends!  

FOLLOW ON INSTAGRAM
@nathan_florence
https://www.instagram.com/nathan_florence/?hl=en

My signature fcs big wave and step up fins
https://www.surffcs.com/products/fcs-ii-nathan-florence-big-wave-tri-fins?_pos=2&_sid=295acef10&_ss=r

Signature Collection with Vans!
https://www.vans.com/en-us/search/product?q=nathan%20florence%20collection

SPONSORS
 @Vans  https://www.vans.com/
BETONLINE https://www.betonline.ag/
@ProtektProducts DISCOUNT CODE: FLORENCE
https://protektproducts.com/
https://www.blenderseyewear.com/
https://www.gomacro.com/
https://www.surffcs.com/
@GoPro  https://gopro.com/
https://www.juneshine.com/
https://www.honolulugmc.com/",video,https://www.youtube.com/watch?v=IMv7X1muLAw,2024-02-26T21:37,surfing,4,0,"['@nathan_florence', '@Vans', '@ProtektProducts', '@GoPro']",[]
youtube,101001157,Decoy Voice,Whatstrendingquickandtothepoint,123456,"Get 20% off + free shipping @manscaped with code DECOY at http://manscaped.com/decoy #manscapedpartner

A surfer recording in San Diego, CA randomly saw a boat landing on the beach, but 8 people randomly ran off into the distance, ditching their boat behind. This is becoming a re-occurring situation in La Jolla, but why? 

Check out the limited time merch at my store! 
https://decoyvoice.com/shop/

#decoyvoice

Background Music by 
Kevin MacLeod | incompetech.com
Yung Logos | YouTube Audio Library
Aaron Kenny | YouTube Audio Library

If you're reading this please throw a Decoy ğŸ¦† in the comments section! Thank you!",video,https://www.youtube.com/watch?v=JSyshCbSbeE,2024-02-04T17:59,surfing,1,2,['@manscaped'],"['#manscapedpartner', '#decoyvoice']"
youtube,10229612,Surfing With Noz,EverythingSurfingPOVVlogsTutorialsMoreImNoahSurfCoachContentCreatorfromSydneyAustraliaSubscribeforweeklycontent,123456,"I surfed the GLASSIEST waves in Australia! Two sessions of pure GLASS ğŸ’

TIMESTAMPS
00:00 Intro
00:19 Glassiest Surf #1 
02:10 Glassiest Surf #2
05:52 Outro

BOARD & FINS ğŸ”½  
Board â€“ Clear Surfboards, C2: 5'8 x 18 3/8 x 2 3/8 (25.33L)
Fins â€“ FCS II Al Merrick (Medium)

SOCIALS ğŸ”½  Find me @surfingwithnoz
Instagram: http://bit.ly/3vTGHOq
TikTok: http://bit.ly/3GTeaPh
Business Enquiries: surfingwithnoz@gmail.com

For Online Surf Coaching, my Newsletter & more â€“ visit here: www.bio.site/surfingwithnoz 

PROMO CODES â¬‡ï¸
SurfPaints | Use code NOZ25 for 25% off: https://www.surfpaints.com.au/
Online Surf Coaching | Use code NOZ20 for 20% off: https://www.surfingwithnoz.com/

Want the best GoPro settings & accessories that I use for POV surfing? Watch this: http://bit.ly/3XhHELV

Shot with the GoPro Hero 10 Black in 4K 60FPS Superview 
Edited with FCPX

Thanks so much for watching | Uploads EVERY week ğŸ™ŒğŸ½
 
ğŸ¶ Music from Video
Music track: Daily by Aylex
Source: https://freetouse.com/music
Royalty-Free Music for Videos (Safe)

Song: Vaxenn - Lightness
Music provided by Vlog No Copyright Music.
Video Link: https://bit.ly/49niYsr

SUBSCRIBE IF YOU MADE IT DOWN HERE â¤ï¸
â•”â•â•¦â•—â•”â•¦â•—â•”â•â•¦â•â•¦â•¦â•¦â•¦â•—â•”â•â•—
â•‘â•šâ•£â•‘â•‘â•‘â•šâ•£â•šâ•£â•”â•£â•”â•£â•‘â•šâ•£â•â•£ 
â• â•—â•‘â•šâ•â•‘â•‘â• â•—â•‘â•šâ•£â•‘â•‘â•‘â•‘â•‘â•â•£
â•šâ•â•©â•â•â•©â•â•©â•â•©â•â•©â•â•šâ•©â•â•©â•â•",video,https://www.youtube.com/watch?v=eeVOQSav0Ts,2024-02-27T07:10,surfing,2,2,"['@surfingwithnoz', '@gmail']","['#1', '#2']"
reddit,1.0,I_Feel_It_Too,removed,12345,"> (which hasn't been 16 since, I'm not sure)

I forgot to respond to this one. Holy shit, you're right! If you ever find out exactly when they switched from 16 bits to... looks like 64 bits, I'd love to know. It must have been REALLY RECENTLY, though, because *[their documentation still says explicitly that Matlab uses 16 bit arithmetic by default](https://www.mathworks.com/help/symbolic/digits.html#bt8wnpt-4).* It must have been in the last six years or so at the latest. Which means that this superior *numerical* CAS of yours stayed on 16 bit arithmetic, with an allegedly ""intuitive"" suite of **16 bit numerical toolboxes (?!?!)**, for literally decades after the entire world had moved to at least 32 bits. Seriously, can you name even a single piece of actively developed mathematical software that was still 16 bit by default in 2010? I for one cannot.

I'm really sorry, I know you've stopped reading by now, but I can't resist getting another shot in here:

> What makes Matlab domain-intuitive isn't ...the actual programming language...

Great! Can we finally just agree that Matlab is a shit programming langauge, then? The rest is just haggling over the details.",text,https://www.reddit.com/r/Python/comments/cmdbuf/-/ew668dc,2019-08-07T05:24,nike,0,1,[],['#bt8wnpt']
reddit,1.0,I_Feel_It_Too,Ihaveamultipersonteamworkingonaprojectwith25millionrowsofdataTheprojecthasbeenprototypedbynonprogrammerscientistsforsometimeNowwearedoingalotofcleanupnormalizationandothermeaningfulrestructuringWhataresomeresourcesforlearningaboutversioningadatabaseschemaandthedatasetsthemselvesRightnowthereisalotofrapidprototypingandwearerunningintoheadacheskeepinginsyncandmaintainingintegrity,12345,"> (which hasn't been 16 since, I'm not sure)

I forgot to respond to this one. Holy shit, you're right! If you ever find out exactly when they switched from 16 bits to... looks like 64 bits, I'd love to know. It must have been REALLY RECENTLY, though, because *[their documentation still says explicitly that Matlab uses 16 bit arithmetic by default](https://www.mathworks.com/help/symbolic/digits.html#bt8wnpt-4).* It must have been in the last six years or so at the latest. Which means that this superior *numerical* CAS of yours stayed on 16 bit arithmetic, with an allegedly ""intuitive"" suite of **16 bit numerical toolboxes (?!?!)**, for literally decades after the entire world had moved to at least 32 bits. Seriously, can you name even a single piece of actively developed mathematical software that was still 16 bit by default in 2010? I for one cannot.

I'm really sorry, I know you've stopped reading by now, but I can't resist getting another shot in here:

> What makes Matlab domain-intuitive isn't ...the actual programming language...

Great! Can we finally just agree that Matlab is a shit programming langauge, then? The rest is just haggling over the details.",text,https://www.reddit.com/r/Python/comments/cmdbuf/-/ew668dc,2019-08-07T05:24,nike,0,1,[],['#bt8wnpt']
twitter,3530,whitney medworth,INDIANAKIDSgtgtgtgt,12345,Nikeâ€™s womenâ€™s basketball marketing ğŸ‘ https://t.co/yCZ83iA12u,video,https://twitter.com/user/status/1765732467619590405,2024-03-07T13:33,nike,0,0,[],[]
twitter,3530,whitney medworth,hello2002uconnwbbvintagejersey,12345,Nikeâ€™s womenâ€™s basketball marketing ğŸ‘ https://t.co/yCZ83iA12u,video,https://twitter.com/user/status/1765732467619590405,2024-03-07T13:33,nike,0,0,[],[]
twitter,2747,OPSWAT,PopularcybersecuritytoolsareinsufficienttostopfileuploadattacksOPSWATCEObennyczarnyshareswhyhttpstcoaDpPHOxKLKhttpstcotBd1o17mLl,12345,"You are more than your sport. Youâ€™re a leader. A guide. A mentor. No matter what you coach or the athletes you lead, we want to help you experience wholeness through Jesus so you can reflect Him to your athletes. This is being a 360 Coach.",video,https://twitter.com/user/status/1675006316924874752,2023-07-01T05:00,nike,0,0,[],[]
twitter,1647,FCA,IhavetreasuredyourwordinmyheartsothatImaynotsinagainstyouPsalm11911WeneedtobuildupourspiritualmusclememorysothatwhentemptingsituationscomeordifficultchoicesaremadeweimmediatelydowhatGodwantsustodowithoutsecondguessinghttpstco97aa7jThdO,12345,"You are more than your sport. Youâ€™re a leader. A guide. A mentor. No matter what you coach or the athletes you lead, we want to help you experience wholeness through Jesus so you can reflect Him to your athletes. This is being a 360 Coach.",video,https://twitter.com/user/status/1675006316924874752,2023-07-01T05:00,nike,0,0,[],[]
youtube,935695708,Blind Surfer Pete Gustin,PeteGustinistheBlindSurferandasoneofthemostrecognizablevoiceactorsinAmericayouvedefinitelyheardhimsomewhereNowseethestorybehindthemanwhohasrefusedtoletblindnessslowhimdownevenalittlebitFromcatchingwavesandridingskateboardstothrowingaxesandridingbikeswatchPeteFindAWaytoovercomeeverychallengetolivealifewithoutboundariesForbusinessinquiriescontactpatrickstemmediagroupcomMerchcomingsoon,123456,"I donâ€™t think I can properly convey the complete and total amount of fear that tries to overtake me every time I start to paddle out into a rough sea.  Without sight, itâ€™s just a complete and total overtaking all of my senses and all I can rely on is my own body and mind to pull me through the terror so that I can come out on the other side and start enjoying the sport of surfing.  why do I do it if itâ€™s so dam n scary?  I do it because I absolutely LOVE the surfing part of surfing and Iâ€™m not going to let the petrifying part of getting out there blind prevent me from experiencing that joy.

#shorts #blind #surfing #overcome",video,https://www.youtube.com/watch?v=-U6CM8IYaNc,2024-02-24T18:00,surfing,0,4,[],"['#shorts', '#blind', '#surfing', '#overcome']"
youtube,184973656,Nathan Florence,WelcometothechannelmyfriendsmynameisNathanFlorenceProfessionalSurferKnifeThrowingExtraordinaireCatLoverfromNorthShoreofOahuenjoythevideos,123456,"YOUTUBE VIDS CONTINUE WEEKLY AS ALWAYS MY FRIENDS
PLEASE SUBSCRIBE to help SUPPORT the channel!! Legends!  

FOLLOW ON INSTAGRAM
@nathan_florence
https://www.instagram.com/nathan_florence/?hl=en

My signature fcs big wave and step up fins
https://www.surffcs.com/products/fcs-ii-nathan-florence-big-wave-tri-fins?_pos=2&_sid=295acef10&_ss=r

Signature Collection with Vans!
https://www.vans.com/en-us/search/product?q=nathan%20florence%20collection

SPONSORS
 @Vans  https://www.vans.com/
BETONLINE https://www.betonline.ag/
@ProtektProducts DISCOUNT CODE: FLORENCE
https://protektproducts.com/
https://www.blenderseyewear.com/
https://www.gomacro.com/
https://www.surffcs.com/
@GoPro  https://gopro.com/
https://www.juneshine.com/
https://www.honolulugmc.com/",video,https://www.youtube.com/watch?v=IMv7X1muLAw,2024-02-26T21:37,surfing,4,0,"['@nathan_florence', '@Vans', '@ProtektProducts', '@GoPro']",[]
youtube,101001157,Decoy Voice,Whatstrendingquickandtothepoint,123456,"Get 20% off + free shipping @manscaped with code DECOY at http://manscaped.com/decoy #manscapedpartner

A surfer recording in San Diego, CA randomly saw a boat landing on the beach, but 8 people randomly ran off into the distance, ditching their boat behind. This is becoming a re-occurring situation in La Jolla, but why? 

Check out the limited time merch at my store! 
https://decoyvoice.com/shop/

#decoyvoice

Background Music by 
Kevin MacLeod | incompetech.com
Yung Logos | YouTube Audio Library
Aaron Kenny | YouTube Audio Library

If you're reading this please throw a Decoy ğŸ¦† in the comments section! Thank you!",video,https://www.youtube.com/watch?v=JSyshCbSbeE,2024-02-04T17:59,surfing,1,2,['@manscaped'],"['#manscapedpartner', '#decoyvoice']"
youtube,10229612,Surfing With Noz,EverythingSurfingPOVVlogsTutorialsMoreImNoahSurfCoachContentCreatorfromSydneyAustraliaSubscribeforweeklycontent,123456,"I surfed the GLASSIEST waves in Australia! Two sessions of pure GLASS ğŸ’

TIMESTAMPS
00:00 Intro
00:19 Glassiest Surf #1 
02:10 Glassiest Surf #2
05:52 Outro

BOARD & FINS ğŸ”½  
Board â€“ Clear Surfboards, C2: 5'8 x 18 3/8 x 2 3/8 (25.33L)
Fins â€“ FCS II Al Merrick (Medium)

SOCIALS ğŸ”½  Find me @surfingwithnoz
Instagram: http://bit.ly/3vTGHOq
TikTok: http://bit.ly/3GTeaPh
Business Enquiries: surfingwithnoz@gmail.com

For Online Surf Coaching, my Newsletter & more â€“ visit here: www.bio.site/surfingwithnoz 

PROMO CODES â¬‡ï¸
SurfPaints | Use code NOZ25 for 25% off: https://www.surfpaints.com.au/
Online Surf Coaching | Use code NOZ20 for 20% off: https://www.surfingwithnoz.com/

Want the best GoPro settings & accessories that I use for POV surfing? Watch this: http://bit.ly/3XhHELV

Shot with the GoPro Hero 10 Black in 4K 60FPS Superview 
Edited with FCPX

Thanks so much for watching | Uploads EVERY week ğŸ™ŒğŸ½
 
ğŸ¶ Music from Video
Music track: Daily by Aylex
Source: https://freetouse.com/music
Royalty-Free Music for Videos (Safe)

Song: Vaxenn - Lightness
Music provided by Vlog No Copyright Music.
Video Link: https://bit.ly/49niYsr

SUBSCRIBE IF YOU MADE IT DOWN HERE â¤ï¸
â•”â•â•¦â•—â•”â•¦â•—â•”â•â•¦â•â•¦â•¦â•¦â•¦â•—â•”â•â•—
â•‘â•šâ•£â•‘â•‘â•‘â•šâ•£â•šâ•£â•”â•£â•”â•£â•‘â•šâ•£â•â•£ 
â• â•—â•‘â•šâ•â•‘â•‘â• â•—â•‘â•šâ•£â•‘â•‘â•‘â•‘â•‘â•â•£
â•šâ•â•©â•â•â•©â•â•©â•â•©â•â•©â•â•šâ•©â•â•©â•â•",video,https://www.youtube.com/watch?v=eeVOQSav0Ts,2024-02-27T07:10,surfing,2,2,"['@surfingwithnoz', '@gmail']","['#1', '#2']"
